{"payload":{"file_name":"C:\\Anaconda\\envs\\machine-learning-env\\lib\\site-packages\\dagster\\__main__.py"},"type":"file_name"}
{"payload":{"additional_params":{"assetId":"2fa9ec46f18d46dd89aadfff78b42c6e","context":null,"extension":"py","fileName":"C:\\Users\\Thobs\\Desktop\\Portfolio\\Projects\\Data Science projects\\Machine Learning Project 12 - Bangalore House Prediction\\experimenting\\research-phase\\research_phase\\experiment_track.py","overwrite":false,"runId":"Xhxx0JCfixl7JNWraqXqCXGrf","step":null,"type":"source_code"},"clean":true,"file_path":"tmp084_hxq_","local_timestamp":1697328987611,"metadata":{"source_code_type":"experiment_creation"},"upload_type":"source_code"},"type":"file_upload"}
{"payload":{"additional_params":{"assetId":"d6aabd758f844a5bb727067d9c532257","context":null,"extension":"py","fileName":"C:\\Anaconda\\envs\\machine-learning-env\\lib\\site-packages\\dagster\\__main__.py","overwrite":false,"runId":"Xhxx0JCfixl7JNWraqXqCXGrf","step":null,"type":"source_code"},"clean":true,"file_path":"tmpnv8dpqy_","local_timestamp":1697328987652,"metadata":{"source_code_type":"python_script_name"},"upload_type":"source_code"},"type":"file_upload"}
{"payload":{"installed_packages":["-atplotlib==3.6.2","-otocore==1.29.13","absl-py==1.4.0","aiobotocore==2.4.2","aiofiles==22.1.0","aiohttp==3.8.3","aioitertools==0.11.0","aiokafka==0.8.0","aiosignal==1.3.1","aiosqlite==0.17.0","albumentations==1.3.0","alembic==1.8.1","altair==4.2.2","analytics-python==1.4.0","aniso8601==9.0.1","anyio==3.5.0","apache-airflow-providers-common-sql==1.3.3","apache-airflow-providers-docker==3.5.1","apache-airflow-providers-ftp==3.3.1","apache-airflow-providers-http==4.2.0","apache-airflow-providers-imap==3.1.1","apache-airflow-providers-sqlite==3.3.1","apache-airflow==2.4.3","apispec==3.3.2","appdirs==1.4.4","apprise==1.3.0","argcomplete==2.0.0","argon2-cffi-bindings==21.2.0","argon2-cffi==21.3.0","arrow==1.2.3","asgi-lifespan==2.0.0","asgiref==3.6.0","asn1crypto==1.5.1","asttokens==2.0.5","astunparse==1.6.3","async-timeout==4.0.2","asyncpg==0.27.0","attrs==22.1.0","autoflake8==0.4.0","azure-common==1.1.28","azure-core==1.26.1","azure-storage-blob==12.14.1","babel==2.12.1","backcall==0.2.0","backoff==2.2.1","bcrypt==4.0.1","beautifulsoup4==4.11.1","bentoml==1.0.19","binaryornot==0.4.4","bleach==4.1.0","blinker==1.5","boto3==1.26.13","botocore==1.29.89","bravado-core==5.17.1","bravado==11.0.3","brotli==1.0.9","build==0.10.0","cachelib==0.9.0","cachetools==5.2.0","cairocffi==1.4.0","cairosvg==2.6.0","category-encoders==2.5.1.post0","cattrs==22.2.0","certifi==2022.9.14","cffi==1.15.1","cfgv==3.3.1","chardet==5.0.0","charset-normalizer==2.1.1","checksumdir==1.2.0","circus==0.18.0","click-option-group==0.5.5","click-params==0.3.0","click==8.1.3","clickclick==20.10.2","cloudpickle==2.2.0","colorama==0.4.5","coloredlogs==14.0","colorlog==4.8.0","comet-ml==3.33.11","commonmark==0.9.1","configobj==5.0.8","configupdater==3.1.1","connexion==2.14.2","contextlib2==21.6.0","contourpy==1.0.6","cookiecutter==2.1.1","coolname==2.0.0","coverage==7.2.1","cron-descriptor==1.2.35","croniter==1.3.7","cryptography==38.0.1","cssselect2==0.7.0","cycler==0.11.0","dagit==1.3.9","dagster-duckdb-pandas==0.19.9","dagster-duckdb==0.19.9","dagster-graphql==1.3.9","dagster==1.3.9","dask==2022.11.1","databricks-cli==0.17.3","dataclasses-json==0.5.7","dataclasses==0.6","dateparser==1.1.7","debugpy==1.5.1","decorator==5.1.1","deepchecks==0.8.0","deepmerge==1.1.0","defusedxml==0.7.1","deprecated==1.2.13","dill==0.3.6","dirty-cat==0.3.0","diskcache==5.4.0","distlib==0.3.6","distributed==2022.11.1","distro==1.8.0","dnspython==2.2.1","docker-image-py==0.1.12","docker==6.0.1","docstring-parser==0.15","docutils==0.19","duckdb==0.8.0","dulwich==0.21.6","ecdsa==0.18.0","email-validator==1.3.1","emoji==2.2.0","entrypoints==0.4","everett==3.1.0","evidently==0.2.7","exceptiongroup==1.1.0","execnet==1.9.0","executing==0.8.3","fastapi-utils==0.2.1","fastapi==0.75.2","fastjsonschema==2.16.2","feature-engine==1.5.2","filelock==3.9.0","flake8==6.0.0","flaky==3.7.0","flask-appbuilder==4.1.4","flask-babel==2.0.0","flask-caching==2.0.2","flask-jwt-extended==4.4.4","flask-login==0.6.2","flask-session==0.4.0","flask-sqlalchemy==2.5.1","flask-wtf==1.1.1","flask==2.2.3","flatbuffers==23.5.26","flyteidl==1.2.9","flytekit==0.32.6","fonttools==4.37.2","fqdn==1.5.1","frozenlist==1.3.3","fs==2.4.16","fsspec==2023.1.0","future==0.18.2","gast==0.5.4","gcsfs==2023.1.0","gevent==22.10.2","geventhttpclient==2.0.2","ghp-import==2.1.0","gitdb==4.0.9","gitpython==3.1.29","google-api-core==2.10.2","google-auth-oauthlib==0.4.6","google-auth==2.15.0","google-cloud-core==2.3.2","google-cloud-storage==2.6.0","google-crc32c==1.5.0","google-pasta==0.2.0","google-resumable-media==2.4.0","googleapis-common-protos==1.56.4","gql==3.4.1","graphene==3.2.2","graphql-core==3.2.3","graphql-relay==3.2.0","graphviz==0.20.1","greenlet==2.0.1","griffe==0.25.5","grpcio-health-checking==1.47.5","grpcio-status==1.48.2","grpcio==1.47.5","gunicorn==20.1.0","h11==0.14.0","h2==4.1.0","h5py==3.9.0","heapdict==1.0.1","hpack==4.0.0","htmlmin==0.1.12","httpcore==0.16.1","httplib2==0.19.1","httptools==0.5.0","httpx==0.23.1","humanfriendly==10.0","hyperframe==6.0.1","hyperopt==0.2.7","identify==2.5.19","idna==3.4","imagehash==4.3.1","imageio==2.27.0","imgaug==0.4.0","importlib-metadata==4.12.0","importlib-resources==5.10.0","inflection==0.5.1","iniconfig==2.0.0","ipykernel==6.15.2","ipython-genutils==0.2.0","ipython==7.34.0","ipywidgets==7.7.2","isodate==0.6.1","isoduration==20.11.0","itsdangerous==2.1.2","jaraco.classes==3.2.2","jedi==0.18.1","jinja2-time==0.2.0","jinja2==3.1.2","jmespath==1.0.1","joblib==1.1.0","jsonpatch==1.32","jsonpickle==2.2.0","jsonpointer==2.3","jsonref==1.1.0","jsonschema==4.16.0","jupyter-client==7.3.5","jupyter-core==4.11.2","jupyter-server==1.18.1","jupyterlab-pygments==0.1.2","jupyterlab-widgets==1.1.1","kafka-python==2.0.2","keras-preprocessing==1.1.2","keras==2.8.0","keyring==23.13.1","kiwisolver==1.4.4","kubernetes==25.3.0","lazy-loader==0.2","lazy-object-proxy==1.9.0","libclang==16.0.0","linkify-it-py==2.0.0","llvmlite==0.39.1","locket==1.0.0","lockfile==0.12.2","logbook==1.5.3","lxml==4.9.1","mako==1.2.4","markdown-it-py==2.2.0","markdown==3.3.7","markupsafe==2.1.1","marshmallow-enum==1.5.1","marshmallow-jsonschema==0.13.0","marshmallow-oneofschema==3.0.1","marshmallow-sqlalchemy==0.26.1","marshmallow==3.19.0","matplotlib-inline==0.1.6","matplotlib==3.5.3","mccabe==0.7.0","mdit-py-plugins==0.3.4","mdurl==0.1.2","mergedeep==1.3.4","mike==1.1.2","mistune==0.8.4","mkdocs-autorefs==0.4.1","mkdocs-gen-files==0.4.0","mkdocs-material-extensions==1.1.1","mkdocs-material==9.1.2","mkdocs==1.4.2","mkdocstrings-python==0.8.3","mkdocstrings==0.20.0","mlflow-skinny==2.0.1","mlflow==2.0.1","mlserver-mlflow==1.2.3","mlserver==1.2.3","monotonic==1.6","more-itertools==8.14.0","moto==4.1.4","mpmath==1.3.0","msgpack==1.0.4","msrest==0.7.1","multidict==6.0.4","multimethod==1.8","mypy-extensions==1.0.0","mypy==1.1.1","natsort==8.2.0","nbclassic==0.4.8","nbclient==0.5.13","nbconvert==6.5.4","nbformat==5.5.0","neptune-sklearn==2.1.0","neptune==1.3.2","nest-asyncio==1.5.5","networkx==2.8.6","nltk==3.8.1","nodeenv==1.7.0","notebook-shim==0.2.2","notebook==6.5.2","numba==0.56.4","numpy==1.23.3","oauthlib==3.2.2","opencv-python-headless==4.7.0.72","opencv-python==4.5.5.64","opentelemetry-api==1.14.0","opentelemetry-exporter-otlp-proto-http==1.14.0","opentelemetry-instrumentation-aiohttp-client==0.35b0","opentelemetry-instrumentation-asgi==0.35b0","opentelemetry-instrumentation==0.35b0","opentelemetry-proto==1.14.0","opentelemetry-sdk==1.14.0","opentelemetry-semantic-conventions==0.35b0","opentelemetry-util-http==0.35b0","opt-einsum==3.3.0","orjson==3.8.7","packaging==23.1","pandas-profiling==3.5.0","pandas==1.4.4","pandocfilters==1.5.0","param==1.12.2","parso==0.8.3","partd==1.3.0","passlib==1.7.4","pathspec==0.9.0","patsy==0.5.2","pendulum==2.1.2","phik==0.12.3","pickle-mixin==1.0.2","pickleshare==0.7.5","pillow==9.2.0","pip-requirements-parser==32.0.1","pip-tools==6.13.0","pip==23.2.1","pipenv==2023.2.18","platformdirs==3.11.0","plotly==5.5.0","pluggy==1.0.0","pre-commit==3.1.1","prefect-sqlalchemy==0.2.4","prison==0.2.1","prometheus-client==0.11.0","prompt-toolkit==3.0.20","protobuf==3.20.2","protoc-gen-swagger==0.1.0","psutil==5.9.0","pure-eval==0.2.2","py-cpuinfo==9.0.0","py-grpc-prometheus==0.7.0","py4j==0.10.9.7","py==1.11.0","pyamg==4.2.3","pyarrow==6.0.1","pyasn1-modules==0.2.8","pyasn1==0.4.8","pycodestyle==2.10.0","pycparser==2.21","pyct==0.4.8","pydantic==1.10.6","pydeck==0.8.0","pyflakes==3.0.1","pygments==2.14.0","pyjwt==2.6.0","pymdown-extensions==9.10","pymongo==4.3.3","pympler==1.0.1","pymysql==1.0.2","pynomaly==0.3.3","pynvml==11.5.0","pyopenssl==22.0.0","pyparsing==3.0.9","pyproject-hooks==1.0.0","pyreadline3==3.4.1","pyrsistent==0.18.0","pytest-asyncio==0.20.3","pytest-benchmark==4.0.0","pytest-cov==4.0.0","pytest-env==0.8.1","pytest-timeout==2.1.0","pytest-xdist==3.2.0","pytest==7.2.2","python-box==6.1.0","python-daemon==2.3.2","python-dateutil==2.8.2","python-dotenv==1.0.0","python-jose==3.3.0","python-json-logger==2.0.4","python-multipart==0.0.5","python-nvd3==0.15.0","python-rapidjson==1.9","python-slugify==6.1.2","python-terraform==0.10.1","python-utils==3.4.5","pytimeparse==1.1.8","pytkdocs==0.16.1","pytorch-ignite==0.4.11","pytz-deprecation-shim==0.1.0.post0","pytz==2022.2.1","pytzdata==2020.1","pyviz-comms==2.2.1","pywavelets==1.4.1","pywin32-ctypes==0.2.0","pywin32==305","pywinpty==2.0.2","pyyaml-env-tag==0.1","pyyaml==6.0","pyzmq==23.2.0","qtpy==2.3.0","qudida==0.0.4","querystring-parser==1.2.4","readchar==4.0.3","regex==2022.9.13","requests-oauthlib==1.3.1","requests-toolbelt==0.10.1","requests==2.28.1","responses==0.21.0","respx==0.20.1","retry==0.9.2","rfc3339-validator==0.1.4","rfc3986==1.5.0","rfc3987==1.3.8","rich==13.6.0","rsa==4.9","s3fs==2023.1.0","s3transfer==0.6.0","schema==0.7.5","scikit-image==0.20.0","scikit-learn==1.1.2","scikit-plot==0.3.7","scipy==1.9.1","seaborn==0.12.1","semantic-version==2.10.0","semver==2.13.0","send2trash==1.8.0","sentry-sdk==1.31.0","setproctitle==1.3.2","setuptools==67.3.2","shap==0.41.0","shapely==2.0.1","simple-di==0.1.5","simplejson==3.19.1","six==1.16.0","slack-sdk==3.19.5","slicer==0.0.7","smmap==5.0.0","sniffio==1.2.0","sortedcontainers==2.4.0","soupsieve==2.3.2.post1","sqlalchemy-jsonfield==1.0.1.post0","sqlalchemy-utils==0.38.3","sqlalchemy2-stubs==0.0.2a32","sqlalchemy==1.4.41","sqlmodel==0.0.8","sqlparse==0.4.3","stack-data==0.2.0","starlette-exporter==0.15.1","starlette==0.17.1","statsd==3.3.0","statsmodels==0.13.2","streamlit==1.18.1","swagger-spec-validator==3.0.3","swagger-ui-bundle==0.0.9","sweetviz==2.1.4","sympy==1.11.1","tabulate==0.9.0","tangled-up-in-unicode==0.2.0","tblib==1.7.0","tenacity==8.0.1","tensorboard-data-server==0.6.1","tensorboard-plugin-wit==1.8.1","tensorboard==2.8.0","tensorflow-io-gcs-filesystem==0.24.0","tensorflow-io==0.24.0","tensorflow==2.8.0","termcolor==2.2.0","terminado==0.13.1","text-unidecode==1.3","tf-estimator-nightly==2.8.0.dev2021122109","threadpoolctl==3.1.0","tifffile==2023.3.21","tinycss2==1.2.1","toml==0.10.2","tomli==2.0.1","toolz==0.12.0","toposort==1.10","torch==1.13.0","torchvision==0.14.0","tornado==6.2","tqdm==4.64.1","traitlets==5.1.1","tritonclient==2.31.0","typeguard==2.13.3","typer==0.7.0","types-requests==2.31.0.6","types-toml==0.10.8.5","types-urllib3==1.26.25.14","typing-extensions==4.3.0","typing-inspect==0.8.0","tzdata==2022.7","tzlocal==4.2","uc-micro-py==1.0.1","unicodecsv==0.14.1","universal-pathlib==0.0.23","uri-template==1.3.0","urllib3==1.26.12","uvicorn==0.17.6","validators==0.18.2","verspec==0.1.0","virtualenv-clone==0.5.7","virtualenv==20.19.0","visions==0.7.5","waitress==2.1.2","watchdog==2.2.1","watchfiles==0.18.1","watchgod==0.8.2","wcwidth==0.2.5","webcolors==1.13","webencodings==0.5.1","websocket-client==0.58.0","websockets==10.4","werkzeug==2.2.3","wheel==0.37.1","whylabs-client==0.5.8","whylogs-sketching==3.4.1.dev3","whylogs==1.3.9","widgetsnbextension==3.6.1","wincertstore==0.2","wrapt==1.14.1","wtforms==3.0.1","wurlitzer==3.0.3","xgboost==1.7.1","xlrd==2.0.1","xmltodict==0.13.0","yarl==1.8.2","yellowbrick==1.5","yt-flyte-playground-flytectl==0.1.7","zict==2.2.0","zipp==3.8.1","zope.event==4.6","zope.interface==5.5.2"]},"type":"installed_packages"}
{"payload":{"command":["C:\\Anaconda\\envs\\machine-learning-env\\lib\\site-packages\\dagster\\__main__.py","api","grpc","--lazy-load-user-code","--port","50711","--heartbeat","--heartbeat-timeout","45","--fixed-server-id","75cee11a-8cb5-46b0-b973-c4490e3f2534","--log-level","warning","--inject-env-vars-from-instance","--instance-ref","{\"__class__\": \"InstanceRef\", \"compute_logs_data\": {\"__class__\": \"ConfigurableClassData\", \"class_name\": \"LocalComputeLogManager\", \"config_yaml\": \"base_dir: C:\\\\Users\\\\Thobs\\\\Desktop\\\\Portfolio\\\\Projects\\\\Data Science projects\\\\Machine\\n  Learning Project 12 - Bangalore House Prediction\\\\experimenting\\\\research-phase\\\\tmpnx4txucp\\\\storage\\n\", \"module_name\": \"dagster.core.storage.local_compute_log_manager\"}, \"custom_instance_class_data\": null, \"event_storage_data\": {\"__class__\": \"ConfigurableClassData\", \"class_name\": \"SqliteEventLogStorage\", \"config_yaml\": \"base_dir: C:\\\\Users\\\\Thobs\\\\Desktop\\\\Portfolio\\\\Projects\\\\Data Science projects\\\\Machine\\n  Learning Project 12 - Bangalore House Prediction\\\\experimenting\\\\research-phase\\\\tmpnx4txucp\\\\history\\\\runs\\\\\\n\", \"module_name\": \"dagster.core.storage.event_log\"}, \"local_artifact_storage_data\": {\"__class__\": \"ConfigurableClassData\", \"class_name\": \"LocalArtifactStorage\", \"config_yaml\": \"base_dir: C:\\\\Users\\\\Thobs\\\\Desktop\\\\Portfolio\\\\Projects\\\\Data Science projects\\\\Machine\\n  Learning Project 12 - Bangalore House Prediction\\\\experimenting\\\\research-phase\\\\tmpnx4txucp\\n\", \"module_name\": \"dagster.core.storage.root\"}, \"run_coordinator_data\": {\"__class__\": \"ConfigurableClassData\", \"class_name\": \"DefaultRunCoordinator\", \"config_yaml\": \"{}\\n\", \"module_name\": \"dagster.core.run_coordinator\"}, \"run_launcher_data\": {\"__class__\": \"ConfigurableClassData\", \"class_name\": \"DefaultRunLauncher\", \"config_yaml\": \"{}\\n\", \"module_name\": \"dagster\"}, \"run_storage_data\": {\"__class__\": \"ConfigurableClassData\", \"class_name\": \"SqliteRunStorage\", \"config_yaml\": \"base_dir: C:\\\\Users\\\\Thobs\\\\Desktop\\\\Portfolio\\\\Projects\\\\Data Science projects\\\\Machine\\n  Learning Project 12 - Bangalore House Prediction\\\\experimenting\\\\research-phase\\\\tmpnx4txucp\\\\history\\\\\\n\", \"module_name\": \"dagster.core.storage.runs\"}, \"schedule_storage_data\": {\"__class__\": \"ConfigurableClassData\", \"class_name\": \"SqliteScheduleStorage\", \"config_yaml\": \"base_dir: C:\\\\Users\\\\Thobs\\\\Desktop\\\\Portfolio\\\\Projects\\\\Data Science projects\\\\Machine\\n  Learning Project 12 - Bangalore House Prediction\\\\experimenting\\\\research-phase\\\\tmpnx4txucp\\\\schedules\\n\", \"module_name\": \"dagster.core.storage.schedules\"}, \"scheduler_data\": {\"__class__\": \"ConfigurableClassData\", \"class_name\": \"DagsterDaemonScheduler\", \"config_yaml\": \"{}\\n\", \"module_name\": \"dagster.core.scheduler\"}, \"secrets_loader_data\": null, \"settings\": {}, \"storage_data\": {\"__class__\": \"ConfigurableClassData\", \"class_name\": \"DagsterSqliteStorage\", \"config_yaml\": \"base_dir: C:\\\\Users\\\\Thobs\\\\Desktop\\\\Portfolio\\\\Projects\\\\Data Science projects\\\\Machine\\n  Learning Project 12 - Bangalore House Prediction\\\\experimenting\\\\research-phase\\\\tmpnx4txucp\\n\", \"module_name\": \"dagster.core.storage.sqlite_storage\"}}","--location-name","research_phase","-m","research_phase","-d","C:\\Users\\Thobs\\Desktop\\Portfolio\\Projects\\Data Science projects\\Machine Learning Project 12 - Bangalore House Prediction\\experimenting\\research-phase"],"env":null,"hostname":"DESKTOP-S537MEQ","ip":"192.168.0.26","machine":"AMD64","os":"Windows-10-10.0.19045-SP0","os_release":"10","os_type":"Windows","pid":7064,"processor":"Intel64 Family 6 Model 142 Stepping 9, GenuineIntel","python_exe":"C:\\Anaconda\\envs\\machine-learning-env\\python.exe","python_version":"3.10.8","python_version_verbose":"3.10.8 | packaged by conda-forge | (main, Nov  4 2022, 13:42:51) [MSC v.1916 64 bit (AMD64)]","user":"Thobs"},"type":"system_details"}
{"payload":{"local_timestamp":1697328992271,"param":{"paramName":"run_arg_0","paramValue":"api","source":"cli","step":null}},"type":"parameter_msg"}
{"payload":{"local_timestamp":1697328992271,"param":{"paramName":"run_arg_1","paramValue":"grpc","source":"cli","step":null}},"type":"parameter_msg"}
{"payload":{"local_timestamp":1697328992271,"param":{"paramName":"run_arg_2","paramValue":"--lazy-load-user-code","source":"cli","step":null}},"type":"parameter_msg"}
{"payload":{"local_timestamp":1697328992271,"param":{"paramName":"run_arg_3","paramValue":"--port","source":"cli","step":null}},"type":"parameter_msg"}
{"payload":{"local_timestamp":1697328992271,"param":{"paramName":"run_arg_4","paramValue":"50711","source":"cli","step":null}},"type":"parameter_msg"}
{"payload":{"local_timestamp":1697328992271,"param":{"paramName":"run_arg_5","paramValue":"--heartbeat","source":"cli","step":null}},"type":"parameter_msg"}
{"payload":{"local_timestamp":1697328992271,"param":{"paramName":"run_arg_6","paramValue":"--heartbeat-timeout","source":"cli","step":null}},"type":"parameter_msg"}
{"payload":{"local_timestamp":1697328992271,"param":{"paramName":"run_arg_7","paramValue":"45","source":"cli","step":null}},"type":"parameter_msg"}
{"payload":{"local_timestamp":1697328992271,"param":{"paramName":"run_arg_8","paramValue":"--fixed-server-id","source":"cli","step":null}},"type":"parameter_msg"}
{"payload":{"local_timestamp":1697328992271,"param":{"paramName":"run_arg_9","paramValue":"75cee11a-8cb5-46b0-b973-c4490e3f2534","source":"cli","step":null}},"type":"parameter_msg"}
{"payload":{"local_timestamp":1697328992271,"param":{"paramName":"run_arg_10","paramValue":"--log-level","source":"cli","step":null}},"type":"parameter_msg"}
{"payload":{"local_timestamp":1697328992271,"param":{"paramName":"run_arg_11","paramValue":"warning","source":"cli","step":null}},"type":"parameter_msg"}
{"payload":{"local_timestamp":1697328992271,"param":{"paramName":"run_arg_12","paramValue":"--inject-env-vars-from-instance","source":"cli","step":null}},"type":"parameter_msg"}
{"payload":{"local_timestamp":1697328992271,"param":{"paramName":"run_arg_13","paramValue":"--instance-ref","source":"cli","step":null}},"type":"parameter_msg"}
{"payload":{"local_timestamp":1697329008075,"metric":{"epoch":null,"metricName":"sys.cpu.percent.avg","metricValue":73.05000000000001,"step":null}},"type":"metric_msg"}
{"payload":{"local_timestamp":1697329008076,"metric":{"epoch":null,"metricName":"sys.compute.overall","metricValue":73.1,"step":null}},"type":"metric_msg"}
{"payload":{"local_timestamp":1697329008076,"metric":{"epoch":null,"metricName":"sys.compute.utilized","metricValue":17.1,"step":null}},"type":"metric_msg"}
{"payload":{"local_timestamp":1697329008077,"metric":{"epoch":null,"metricName":"sys.load.avg","metricValue":0.0,"step":null}},"type":"metric_msg"}
{"payload":{"local_timestamp":1697329008077,"metric":{"epoch":null,"metricName":"sys.ram.total","metricValue":4170256384,"step":null}},"type":"metric_msg"}
{"payload":{"local_timestamp":1697329008077,"metric":{"epoch":null,"metricName":"sys.ram.used","metricValue":3743023104,"step":null}},"type":"metric_msg"}
{"payload":{"local_timestamp":1697329008078,"output":"COMET WARNING: truncated string; too long: '{\"__class__\": \"InstanceRef\", \"compute_logs_data\": {\"__class__\": \"ConfigurableClassData\", \"class_name\": \"LocalComputeLogManager\", \"config_yaml\": \"base_dir: C:\\\\Users\\\\Thobs\\\\Desktop\\\\Portfolio\\\\Projects\\\\Data Science projects\\\\Machine\\n  Learning Project 12 - Bangalore House Prediction\\\\experimenting\\\\research-phase\\\\tmpnx4txucp\\\\storage\\n\", \"module_name\": \"dagster.core.storage.local_compute_log_manager\"}, \"custom_instance_class_data\": null, \"event_storage_data\": {\"__class__\": \"ConfigurableClassData\", \"class_name\": \"SqliteEventLogStorage\", \"config_yaml\": \"base_dir: C:\\\\Users\\\\Thobs\\\\Desktop\\\\Portfolio\\\\Projects\\\\Data Science projects\\\\Machine\\n  Learning Project 12 - Bangalore House Prediction\\\\experimenting\\\\research-phase\\\\tmpnx4txucp\\\\history\\\\runs\\\\\\n\", \"module_name\": \"dagster.core.storage.event_log\"}, \"local_artifact_storage_data\": {\"__class__\": \"ConfigurableClassData\", \"class_name\": \"LocalArtifactStorage\", \"config_yaml\": \"base_dir: C:\\\\Users\\\\Thobs\\\\Desktop\\\\Portfolio\\\\Projects\\\\Data Science projects\\\\Machine\\n  Learning Project 12 - Bangalore House Prediction\\\\experimenting\\\\research-phase\\\\tmpnx4txucp\\n\", \"module_name\": \"dagster.core.storage.root\"}, \"run_coordinator_data\": {\"__class__\": \"ConfigurableClassData\", \"class_name\": \"DefaultRunCoordinator\", \"config_yaml\": \"{}\\n\", \"module_name\": \"dagster.core.run_coordinator\"}, \"run_launcher_data\": {\"__class__\": \"ConfigurableClassData\", \"class_name\": \"DefaultRunLauncher\", \"config_yaml\": \"{}\\n\", \"module_name\": \"dagster\"}, \"run_storage_data\": {\"__class__\": \"ConfigurableClassData\", \"class_name\": \"SqliteRunStorage\", \"config_yaml\": \"base_dir: C:\\\\Users\\\\Thobs\\\\Desktop\\\\Portfolio\\\\Projects\\\\Data Science projects\\\\Machine\\n  Learning Project 12 - Bangalore House Prediction\\\\experimenting\\\\research-phase\\\\tmpnx4txucp\\\\history\\\\\\n\", \"module_name\": \"dagster.core.storage.runs\"}, \"schedule_storage_data\": {\"__class__\": \"ConfigurableClassData\", \"class_name\": \"SqliteScheduleStorage\", \"config_yaml\": \"base_dir: C:\\\\Users\\\\Thobs\\\\Desktop\\\\Portfolio\\\\Projects\\\\Data Science projects\\\\Machine\\n  Learning Project 12 - Bangalore House Prediction\\\\experimenting\\\\research-phase\\\\tmpnx4txucp\\\\schedules\\n\", \"module_name\": \"dagster.core.storage.schedules\"}, \"scheduler_data\": {\"__class__\": \"ConfigurableClassData\", \"class_name\": \"DagsterDaemonScheduler\", \"config_yaml\": \"{}\\n\", \"module_name\": \"dagster.core.scheduler\"}, \"secrets_loader_data\": null, \"settings\": {}, \"storage_data\": {\"__class__\": \"ConfigurableClassData\", \"class_name\": \"DagsterSqliteStorage\", \"config_yaml\": \"base_dir: C:\\\\Users\\\\Thobs\\\\Desktop\\\\Portfolio\\\\Projects\\\\Data Science projects\\\\Machine\\n  Learning Project 12 - Bangalore House Prediction\\\\experimenting\\\\research-phase\\\\tmpnx4txucp\\n\", \"module_name\": \"dagster.core.storage.sqlite_storage\"}}'...\n","stderr":true},"type":"standard_output"}
{"payload":{"local_timestamp":1697328992271,"param":{"paramName":"run_arg_14","paramValue":"{\"__class__\": \"InstanceRef\", \"compute_logs_data\": {\"__class__\": \"ConfigurableClassData\", \"class_name\": \"LocalComputeLogManager\", \"config_yaml\": \"base_dir: C:\\\\Users\\\\Thobs\\\\Desktop\\\\Portfolio\\\\Projects\\\\Data Science projects\\\\Machine\\n  Learning Project 12 - Bangalore House Prediction\\\\experimenting\\\\research-phase\\\\tmpnx4txucp\\\\storage\\n\", \"module_name\": \"dagster.core.storage.local_compute_log_manager\"}, \"custom_instance_class_data\": null, \"event_storage_data\": {\"__class__\": \"ConfigurableClassData\", \"class_name\": \"SqliteEventLogStorage\", \"config_yaml\": \"base_dir: C:\\\\Users\\\\Thobs\\\\Desktop\\\\Portfolio\\\\Projects\\\\Data Science projects\\\\Machine\\n  Learning Project 12 - Bangalore House Prediction\\\\experimenting\\\\research-phase\\\\tmpnx4txucp\\\\history\\\\runs\\\\\\n\", \"module_name\": \"dagster.core.storage.event_log\"}, \"local_artifact_storage_data\": {\"__class__\": \"ConfigurableClassData\", \"class_name\": \"LocalArtifactStorage\", \"config_yaml\": \"base_dir: C:\\\\Users\\\\Thobs\\\\Desktop\\\\Portfolio\\ [truncated]","source":"cli","step":null}},"type":"parameter_msg"}
{"payload":{"local_timestamp":1697329008078,"param":{"paramName":"run_arg_15","paramValue":"--location-name","source":"cli","step":null}},"type":"parameter_msg"}
{"payload":{"local_timestamp":1697329008078,"param":{"paramName":"run_arg_16","paramValue":"research_phase","source":"cli","step":null}},"type":"parameter_msg"}
{"payload":{"local_timestamp":1697329008078,"param":{"paramName":"run_arg_17","paramValue":"-m","source":"cli","step":null}},"type":"parameter_msg"}
{"payload":{"local_timestamp":1697329008078,"param":{"paramName":"run_arg_18","paramValue":"research_phase","source":"cli","step":null}},"type":"parameter_msg"}
{"payload":{"local_timestamp":1697329008078,"param":{"paramName":"run_arg_19","paramValue":"-d","source":"cli","step":null}},"type":"parameter_msg"}
{"payload":{"local_timestamp":1697329008078,"param":{"paramName":"run_arg_20","paramValue":"C:\\Users\\Thobs\\Desktop\\Portfolio\\Projects\\Data Science projects\\Machine Learning Project 12 - Bangalore House Prediction\\experimenting\\research-phase","source":"cli","step":null}},"type":"parameter_msg"}
{"payload":{"local_timestamp":1697329009227,"output":"COMET INFO: Couldn't find a Git repository in 'C:\\\\Users\\\\Thobs\\\\Desktop\\\\Portfolio\\\\Projects\\\\Data Science projects\\\\Machine Learning Project 12 - Bangalore House Prediction\\\\experimenting\\\\research-phase' nor in any parent directory. Set `COMET_GIT_DIRECTORY` if your Git Repository is elsewhere.\n","stderr":true},"type":"standard_output"}
{"payload":{"local_timestamp":1697329009394,"output":"COMET INFO: Experiment is live on comet.com https://www.comet.com/thobela/house-price-prediction/ee1cd0cba3344c578f2b143789ee76d6\n\n","stderr":true},"type":"standard_output"}
{"payload":{"context":"train","local_timestamp":1697329009395,"param":{"paramName":"columntransformer_n_jobs","paramValue":null,"source":"auto-logged","step":null}},"type":"parameter_msg"}
{"payload":{"context":"train","local_timestamp":1697329009395,"param":{"paramName":"columntransformer_onehotencoder","paramValue":"OneHotEncoder(sparse=False)","source":"auto-logged","step":null}},"type":"parameter_msg"}
{"payload":{"context":"train","local_timestamp":1697329009448,"param":{"paramName":"columntransformer_onehotencoder__categories","paramValue":"auto","source":"auto-logged","step":null}},"type":"parameter_msg"}
{"payload":{"context":"train","local_timestamp":1697329009448,"param":{"paramName":"columntransformer_onehotencoder__drop","paramValue":null,"source":"auto-logged","step":null}},"type":"parameter_msg"}
{"payload":{"context":"train","local_timestamp":1697329009448,"param":{"paramName":"columntransformer_onehotencoder__dtype","paramValue":"<class 'numpy.float64'>","source":"auto-logged","step":null}},"type":"parameter_msg"}
{"payload":{"context":"train","local_timestamp":1697329009461,"param":{"paramName":"columntransformer_onehotencoder__handle_unknown","paramValue":"error","source":"auto-logged","step":null}},"type":"parameter_msg"}
{"payload":{"context":"train","local_timestamp":1697329009462,"param":{"paramName":"columntransformer_onehotencoder__max_categories","paramValue":null,"source":"auto-logged","step":null}},"type":"parameter_msg"}
{"payload":{"context":"train","local_timestamp":1697329009462,"param":{"paramName":"columntransformer_onehotencoder__min_frequency","paramValue":null,"source":"auto-logged","step":null}},"type":"parameter_msg"}
{"payload":{"context":"train","local_timestamp":1697329009462,"param":{"paramName":"columntransformer_onehotencoder__sparse","paramValue":false,"source":"auto-logged","step":null}},"type":"parameter_msg"}
{"payload":{"context":"train","local_timestamp":1697329009463,"param":{"paramName":"columntransformer_remainder","paramValue":"passthrough","source":"auto-logged","step":null}},"type":"parameter_msg"}
{"payload":{"context":"train","local_timestamp":1697329009463,"param":{"paramName":"columntransformer_sparse_threshold","paramValue":0.3,"source":"auto-logged","step":null}},"type":"parameter_msg"}
{"payload":{"context":"train","local_timestamp":1697329009463,"param":{"paramName":"columntransformer_transformer_weights","paramValue":null,"source":"auto-logged","step":null}},"type":"parameter_msg"}
{"payload":{"context":"train","local_timestamp":1697329009464,"params":{"paramName":"columntransformer_transformers","paramValue":[["onehotencoder","OneHotEncoder not JSON serializable",[0]]],"source":"auto-logged","step":null}},"type":"parameter_msg"}
{"payload":{"context":"train","local_timestamp":1697329009464,"param":{"paramName":"columntransformer_verbose","paramValue":false,"source":"auto-logged","step":null}},"type":"parameter_msg"}
{"payload":{"context":"train","local_timestamp":1697329009464,"param":{"paramName":"columntransformer_verbose_feature_names_out","paramValue":true,"source":"auto-logged","step":null}},"type":"parameter_msg"}
{"payload":{"context":"train","local_timestamp":1697329009464,"param":{"paramName":"standardscaler_copy","paramValue":true,"source":"auto-logged","step":null}},"type":"parameter_msg"}
{"payload":{"context":"train","local_timestamp":1697329009465,"param":{"paramName":"standardscaler_with_mean","paramValue":true,"source":"auto-logged","step":null}},"type":"parameter_msg"}
{"payload":{"context":"train","local_timestamp":1697329009465,"param":{"paramName":"standardscaler_with_std","paramValue":true,"source":"auto-logged","step":null}},"type":"parameter_msg"}
{"payload":{"context":"train","local_timestamp":1697329009466,"param":{"paramName":"gradientboostingregressor_alpha","paramValue":0.9,"source":"auto-logged","step":null}},"type":"parameter_msg"}
{"payload":{"context":"train","local_timestamp":1697329009466,"param":{"paramName":"gradientboostingregressor_ccp_alpha","paramValue":0.0,"source":"auto-logged","step":null}},"type":"parameter_msg"}
{"payload":{"context":"train","local_timestamp":1697329009466,"param":{"paramName":"gradientboostingregressor_criterion","paramValue":"friedman_mse","source":"auto-logged","step":null}},"type":"parameter_msg"}
{"payload":{"context":"train","local_timestamp":1697329009466,"param":{"paramName":"gradientboostingregressor_init","paramValue":null,"source":"auto-logged","step":null}},"type":"parameter_msg"}
{"payload":{"context":"train","local_timestamp":1697329009466,"param":{"paramName":"gradientboostingregressor_learning_rate","paramValue":0.1,"source":"auto-logged","step":null}},"type":"parameter_msg"}
{"payload":{"context":"train","local_timestamp":1697329009466,"param":{"paramName":"gradientboostingregressor_loss","paramValue":"squared_error","source":"auto-logged","step":null}},"type":"parameter_msg"}
{"payload":{"context":"train","local_timestamp":1697329009466,"param":{"paramName":"gradientboostingregressor_max_depth","paramValue":3,"source":"auto-logged","step":null}},"type":"parameter_msg"}
{"payload":{"context":"train","local_timestamp":1697329009466,"param":{"paramName":"gradientboostingregressor_max_features","paramValue":null,"source":"auto-logged","step":null}},"type":"parameter_msg"}
{"payload":{"context":"train","local_timestamp":1697329009466,"param":{"paramName":"gradientboostingregressor_max_leaf_nodes","paramValue":null,"source":"auto-logged","step":null}},"type":"parameter_msg"}
{"payload":{"context":"train","local_timestamp":1697329009466,"param":{"paramName":"gradientboostingregressor_min_impurity_decrease","paramValue":0.0,"source":"auto-logged","step":null}},"type":"parameter_msg"}
{"payload":{"context":"train","local_timestamp":1697329009466,"param":{"paramName":"gradientboostingregressor_min_samples_leaf","paramValue":1,"source":"auto-logged","step":null}},"type":"parameter_msg"}
{"payload":{"context":"train","local_timestamp":1697329009466,"param":{"paramName":"gradientboostingregressor_min_samples_split","paramValue":2,"source":"auto-logged","step":null}},"type":"parameter_msg"}
{"payload":{"context":"train","local_timestamp":1697329009466,"param":{"paramName":"gradientboostingregressor_min_weight_fraction_leaf","paramValue":0.0,"source":"auto-logged","step":null}},"type":"parameter_msg"}
{"payload":{"context":"train","local_timestamp":1697329009466,"param":{"paramName":"gradientboostingregressor_n_estimators","paramValue":500,"source":"auto-logged","step":null}},"type":"parameter_msg"}
{"payload":{"context":"train","local_timestamp":1697329009466,"param":{"paramName":"gradientboostingregressor_n_iter_no_change","paramValue":null,"source":"auto-logged","step":null}},"type":"parameter_msg"}
{"payload":{"context":"train","local_timestamp":1697329009466,"param":{"paramName":"gradientboostingregressor_random_state","paramValue":null,"source":"auto-logged","step":null}},"type":"parameter_msg"}
{"payload":{"context":"train","local_timestamp":1697329009466,"param":{"paramName":"gradientboostingregressor_subsample","paramValue":1.0,"source":"auto-logged","step":null}},"type":"parameter_msg"}
{"payload":{"context":"train","local_timestamp":1697329009466,"param":{"paramName":"gradientboostingregressor_tol","paramValue":0.0001,"source":"auto-logged","step":null}},"type":"parameter_msg"}
{"payload":{"context":"train","local_timestamp":1697329009466,"param":{"paramName":"gradientboostingregressor_validation_fraction","paramValue":0.1,"source":"auto-logged","step":null}},"type":"parameter_msg"}
{"payload":{"context":"train","local_timestamp":1697329009466,"param":{"paramName":"gradientboostingregressor_verbose","paramValue":0,"source":"auto-logged","step":null}},"type":"parameter_msg"}
{"payload":{"context":"train","local_timestamp":1697329009466,"param":{"paramName":"gradientboostingregressor_warm_start","paramValue":false,"source":"auto-logged","step":null}},"type":"parameter_msg"}
{"payload":{"context":"train","local_timestamp":1697329009466,"param":{"paramName":"columntransformer__n_jobs","paramValue":null,"source":"auto-logged","step":null}},"type":"parameter_msg"}
{"payload":{"context":"train","local_timestamp":1697329009466,"param":{"paramName":"columntransformer__onehotencoder","paramValue":"OneHotEncoder(sparse=False)","source":"auto-logged","step":null}},"type":"parameter_msg"}
{"payload":{"context":"train","local_timestamp":1697329009466,"param":{"paramName":"columntransformer__onehotencoder__categories","paramValue":"auto","source":"auto-logged","step":null}},"type":"parameter_msg"}
{"payload":{"context":"train","local_timestamp":1697329009466,"param":{"paramName":"columntransformer__onehotencoder__drop","paramValue":null,"source":"auto-logged","step":null}},"type":"parameter_msg"}
{"payload":{"context":"train","local_timestamp":1697329009466,"param":{"paramName":"columntransformer__onehotencoder__dtype","paramValue":"<class 'numpy.float64'>","source":"auto-logged","step":null}},"type":"parameter_msg"}
{"payload":{"context":"train","local_timestamp":1697329009466,"param":{"paramName":"columntransformer__onehotencoder__handle_unknown","paramValue":"error","source":"auto-logged","step":null}},"type":"parameter_msg"}
{"payload":{"context":"train","local_timestamp":1697329009466,"param":{"paramName":"columntransformer__onehotencoder__max_categories","paramValue":null,"source":"auto-logged","step":null}},"type":"parameter_msg"}
{"payload":{"context":"train","local_timestamp":1697329009466,"param":{"paramName":"columntransformer__onehotencoder__min_frequency","paramValue":null,"source":"auto-logged","step":null}},"type":"parameter_msg"}
{"payload":{"context":"train","local_timestamp":1697329009466,"param":{"paramName":"columntransformer__onehotencoder__sparse","paramValue":false,"source":"auto-logged","step":null}},"type":"parameter_msg"}
{"payload":{"context":"train","local_timestamp":1697329009466,"param":{"paramName":"columntransformer__remainder","paramValue":"passthrough","source":"auto-logged","step":null}},"type":"parameter_msg"}
{"payload":{"context":"train","local_timestamp":1697329009466,"param":{"paramName":"columntransformer__sparse_threshold","paramValue":0.3,"source":"auto-logged","step":null}},"type":"parameter_msg"}
{"payload":{"context":"train","local_timestamp":1697329009466,"param":{"paramName":"columntransformer__transformer_weights","paramValue":null,"source":"auto-logged","step":null}},"type":"parameter_msg"}
{"payload":{"context":"train","local_timestamp":1697329009466,"params":{"paramName":"columntransformer__transformers","paramValue":[["onehotencoder","OneHotEncoder not JSON serializable",[0]]],"source":"auto-logged","step":null}},"type":"parameter_msg"}
{"payload":{"context":"train","local_timestamp":1697329009466,"param":{"paramName":"columntransformer__verbose","paramValue":false,"source":"auto-logged","step":null}},"type":"parameter_msg"}
{"payload":{"context":"train","local_timestamp":1697329009466,"param":{"paramName":"columntransformer__verbose_feature_names_out","paramValue":true,"source":"auto-logged","step":null}},"type":"parameter_msg"}
{"payload":{"context":"train","local_timestamp":1697329009466,"param":{"paramName":"gradientboostingregressor__alpha","paramValue":0.9,"source":"auto-logged","step":null}},"type":"parameter_msg"}
{"payload":{"context":"train","local_timestamp":1697329009466,"param":{"paramName":"gradientboostingregressor__ccp_alpha","paramValue":0.0,"source":"auto-logged","step":null}},"type":"parameter_msg"}
{"payload":{"context":"train","local_timestamp":1697329009466,"param":{"paramName":"gradientboostingregressor__criterion","paramValue":"friedman_mse","source":"auto-logged","step":null}},"type":"parameter_msg"}
{"payload":{"context":"train","local_timestamp":1697329009466,"param":{"paramName":"gradientboostingregressor__init","paramValue":null,"source":"auto-logged","step":null}},"type":"parameter_msg"}
{"payload":{"context":"train","local_timestamp":1697329009466,"param":{"paramName":"gradientboostingregressor__learning_rate","paramValue":0.1,"source":"auto-logged","step":null}},"type":"parameter_msg"}
{"payload":{"context":"train","local_timestamp":1697329009466,"param":{"paramName":"gradientboostingregressor__loss","paramValue":"squared_error","source":"auto-logged","step":null}},"type":"parameter_msg"}
{"payload":{"context":"train","local_timestamp":1697329009466,"param":{"paramName":"gradientboostingregressor__max_depth","paramValue":3,"source":"auto-logged","step":null}},"type":"parameter_msg"}
{"payload":{"context":"train","local_timestamp":1697329009466,"param":{"paramName":"gradientboostingregressor__max_features","paramValue":null,"source":"auto-logged","step":null}},"type":"parameter_msg"}
{"payload":{"context":"train","local_timestamp":1697329009466,"param":{"paramName":"gradientboostingregressor__max_leaf_nodes","paramValue":null,"source":"auto-logged","step":null}},"type":"parameter_msg"}
{"payload":{"context":"train","local_timestamp":1697329009466,"param":{"paramName":"gradientboostingregressor__min_impurity_decrease","paramValue":0.0,"source":"auto-logged","step":null}},"type":"parameter_msg"}
{"payload":{"context":"train","local_timestamp":1697329009466,"param":{"paramName":"gradientboostingregressor__min_samples_leaf","paramValue":1,"source":"auto-logged","step":null}},"type":"parameter_msg"}
{"payload":{"context":"train","local_timestamp":1697329009466,"param":{"paramName":"gradientboostingregressor__min_samples_split","paramValue":2,"source":"auto-logged","step":null}},"type":"parameter_msg"}
{"payload":{"context":"train","local_timestamp":1697329009466,"param":{"paramName":"gradientboostingregressor__min_weight_fraction_leaf","paramValue":0.0,"source":"auto-logged","step":null}},"type":"parameter_msg"}
{"payload":{"context":"train","local_timestamp":1697329009466,"param":{"paramName":"gradientboostingregressor__n_estimators","paramValue":500,"source":"auto-logged","step":null}},"type":"parameter_msg"}
{"payload":{"context":"train","local_timestamp":1697329009466,"param":{"paramName":"gradientboostingregressor__n_iter_no_change","paramValue":null,"source":"auto-logged","step":null}},"type":"parameter_msg"}
{"payload":{"context":"train","local_timestamp":1697329009466,"param":{"paramName":"gradientboostingregressor__random_state","paramValue":null,"source":"auto-logged","step":null}},"type":"parameter_msg"}
{"payload":{"context":"train","local_timestamp":1697329009466,"param":{"paramName":"gradientboostingregressor__subsample","paramValue":1.0,"source":"auto-logged","step":null}},"type":"parameter_msg"}
{"payload":{"context":"train","local_timestamp":1697329009466,"param":{"paramName":"gradientboostingregressor__tol","paramValue":0.0001,"source":"auto-logged","step":null}},"type":"parameter_msg"}
{"payload":{"context":"train","local_timestamp":1697329009466,"param":{"paramName":"gradientboostingregressor__validation_fraction","paramValue":0.1,"source":"auto-logged","step":null}},"type":"parameter_msg"}
{"payload":{"context":"train","local_timestamp":1697329009466,"param":{"paramName":"gradientboostingregressor__verbose","paramValue":0,"source":"auto-logged","step":null}},"type":"parameter_msg"}
{"payload":{"context":"train","local_timestamp":1697329009466,"param":{"paramName":"gradientboostingregressor__warm_start","paramValue":false,"source":"auto-logged","step":null}},"type":"parameter_msg"}
{"payload":{"context":"train","local_timestamp":1697329009466,"param":{"paramName":"memory","paramValue":null,"source":"auto-logged","step":null}},"type":"parameter_msg"}
{"payload":{"context":"train","local_timestamp":1697329009466,"param":{"paramName":"standardscaler__copy","paramValue":true,"source":"auto-logged","step":null}},"type":"parameter_msg"}
{"payload":{"context":"train","local_timestamp":1697329009466,"param":{"paramName":"standardscaler__with_mean","paramValue":true,"source":"auto-logged","step":null}},"type":"parameter_msg"}
{"payload":{"context":"train","local_timestamp":1697329009466,"param":{"paramName":"standardscaler__with_std","paramValue":true,"source":"auto-logged","step":null}},"type":"parameter_msg"}
{"payload":{"context":"train","local_timestamp":1697329009466,"param":{"paramName":"verbose","paramValue":false,"source":"auto-logged","step":null}},"type":"parameter_msg"}
{"payload":{"context":"train","local_timestamp":1697329010077,"param":{"paramName":"alpha","paramValue":0.9,"source":"auto-logged","step":null}},"type":"parameter_msg"}
{"payload":{"context":"train","local_timestamp":1697329010077,"param":{"paramName":"ccp_alpha","paramValue":0.0,"source":"auto-logged","step":null}},"type":"parameter_msg"}
{"payload":{"context":"train","local_timestamp":1697329010077,"param":{"paramName":"criterion","paramValue":"friedman_mse","source":"auto-logged","step":null}},"type":"parameter_msg"}
{"payload":{"context":"train","local_timestamp":1697329010077,"param":{"paramName":"init","paramValue":null,"source":"auto-logged","step":null}},"type":"parameter_msg"}
{"payload":{"context":"train","local_timestamp":1697329010077,"param":{"paramName":"learning_rate","paramValue":0.1,"source":"auto-logged","step":null}},"type":"parameter_msg"}
{"payload":{"context":"train","local_timestamp":1697329010077,"param":{"paramName":"loss","paramValue":"squared_error","source":"auto-logged","step":null}},"type":"parameter_msg"}
{"payload":{"context":"train","local_timestamp":1697329010077,"param":{"paramName":"max_depth","paramValue":3,"source":"auto-logged","step":null}},"type":"parameter_msg"}
{"payload":{"context":"train","local_timestamp":1697329010077,"param":{"paramName":"max_features","paramValue":null,"source":"auto-logged","step":null}},"type":"parameter_msg"}
{"payload":{"context":"train","local_timestamp":1697329010077,"param":{"paramName":"max_leaf_nodes","paramValue":null,"source":"auto-logged","step":null}},"type":"parameter_msg"}
{"payload":{"context":"train","local_timestamp":1697329010077,"param":{"paramName":"min_impurity_decrease","paramValue":0.0,"source":"auto-logged","step":null}},"type":"parameter_msg"}
{"payload":{"context":"train","local_timestamp":1697329010077,"param":{"paramName":"min_samples_leaf","paramValue":1,"source":"auto-logged","step":null}},"type":"parameter_msg"}
{"payload":{"context":"train","local_timestamp":1697329010077,"param":{"paramName":"min_samples_split","paramValue":2,"source":"auto-logged","step":null}},"type":"parameter_msg"}
{"payload":{"context":"train","local_timestamp":1697329010077,"param":{"paramName":"min_weight_fraction_leaf","paramValue":0.0,"source":"auto-logged","step":null}},"type":"parameter_msg"}
{"payload":{"context":"train","local_timestamp":1697329010077,"param":{"paramName":"n_estimators","paramValue":500,"source":"auto-logged","step":null}},"type":"parameter_msg"}
{"payload":{"context":"train","local_timestamp":1697329010077,"param":{"paramName":"n_iter_no_change","paramValue":null,"source":"auto-logged","step":null}},"type":"parameter_msg"}
{"payload":{"context":"train","local_timestamp":1697329010077,"param":{"paramName":"random_state","paramValue":null,"source":"auto-logged","step":null}},"type":"parameter_msg"}
{"payload":{"context":"train","local_timestamp":1697329010078,"param":{"paramName":"subsample","paramValue":1.0,"source":"auto-logged","step":null}},"type":"parameter_msg"}
{"payload":{"context":"train","local_timestamp":1697329010078,"param":{"paramName":"tol","paramValue":0.0001,"source":"auto-logged","step":null}},"type":"parameter_msg"}
{"payload":{"context":"train","local_timestamp":1697329010078,"param":{"paramName":"validation_fraction","paramValue":0.1,"source":"auto-logged","step":null}},"type":"parameter_msg"}
{"payload":{"context":"train","local_timestamp":1697329010078,"param":{"paramName":"warm_start","paramValue":false,"source":"auto-logged","step":null}},"type":"parameter_msg"}
{"payload":{"context":"train","local_timestamp":1697329010338,"output":"C:\\Anaconda\\envs\\machine-learning-env\\lib\\site-packages\\sklearn\\ensemble\\_gb.py:570: DataConversionWarning: A column-vector y was passed when a 1d array was expected. Please change the shape of y to (n_samples, ), for example using ravel().\n  y = column_or_1d(y, warn=True)\n","stderr":true},"type":"standard_output"}
{"payload":{"context":"train","local_timestamp":1697329010339,"param":{"paramName":"constant","paramValue":null,"source":"auto-logged","step":null}},"type":"parameter_msg"}
{"payload":{"context":"train","local_timestamp":1697329010339,"param":{"paramName":"quantile","paramValue":null,"source":"auto-logged","step":null}},"type":"parameter_msg"}
{"payload":{"context":"train","local_timestamp":1697329010339,"param":{"paramName":"strategy","paramValue":"mean","source":"auto-logged","step":null}},"type":"parameter_msg"}
{"payload":{"context":"train","local_timestamp":1697329013243,"param":{"paramName":"columntransformer_onehotencoder","paramValue":"OneHotEncoder(sparse=False)","source":"auto-logged","step":null}},"type":"parameter_msg"}
{"payload":{"context":"train","local_timestamp":1697329013243,"param":{"paramName":"columntransformer_onehotencoder__dtype","paramValue":"<class 'numpy.float64'>","source":"auto-logged","step":null}},"type":"parameter_msg"}
{"payload":{"context":"train","local_timestamp":1697329013243,"param":{"paramName":"columntransformer__onehotencoder","paramValue":"OneHotEncoder(sparse=False)","source":"auto-logged","step":null}},"type":"parameter_msg"}
{"payload":{"context":"train","local_timestamp":1697329013259,"param":{"paramName":"columntransformer__onehotencoder__dtype","paramValue":"<class 'numpy.float64'>","source":"auto-logged","step":null}},"type":"parameter_msg"}
{"payload":{"context":"train","local_timestamp":1697329023909,"output":"2023-10-15 02:17:03 +0200 - dagster - ERROR - __ASSET_JOB - 7b0fff2a-e79e-4f8c-94d1-939dae73d03d - 7064 - train_model - STEP_FAILURE - Execution of step \"train_model\" failed.\n\ndagster._core.errors.DagsterExecutionStepExecutionError: Error occurred while executing op \"train_model\"::\n\nUnboundLocalError: local variable 'counter' referenced before assignment\n\nStack Trace:\n  File \"C:\\Anaconda\\envs\\machine-learning-env\\lib\\site-packages\\dagster\\_core\\execution\\plan\\utils.py\", line 54, in op_execution_error_boundary\n    yield\n  File \"C:\\Anaconda\\envs\\machine-learning-env\\lib\\site-packages\\dagster\\_utils\\__init__.py\", line 445, in iterate_with_context\n    next_output = next(iterator)\n  File \"C:\\Anaconda\\envs\\machine-learning-env\\lib\\site-packages\\dagster\\_core\\execution\\plan\\compute_generator.py\", line 124, in _coerce_op_compute_fn_to_iterator\n    result = invoke_compute_fn(\n  File \"C:\\Anaconda\\envs\\machine-learning-env\\lib\\site-packages\\dagster\\_core\\execution\\plan\\compute_generator.py\", line 118, in invoke_compute_fn\n    return fn(context, **args_to_pass) if context_arg_provided else fn(**args_to_pass)\n  File \"C:\\Users\\Thobs\\Desktop\\Portfolio\\Projects\\Data Science projects\\Machine Learning Project 12 - Bangalore House Prediction\\experimenting\\research-phase\\research_phase\\experiment_track.py\", line 154, in train_model\n    metrics_dict[f'train-accuracy :{counter}'] = accuracy_value\n\n","stderr":true},"type":"standard_output"}
{"payload":{"local_timestamp":1697329052728,"metric":{"epoch":null,"metricName":"sys.network.send_bps","metricValue":863,"step":null}},"type":"metric_msg"}
{"payload":{"local_timestamp":1697329052728,"metric":{"epoch":null,"metricName":"sys.network.receive_bps","metricValue":1294,"step":null}},"type":"metric_msg"}
{"payload":{"local_timestamp":1697329069299,"metric":{"epoch":null,"metricName":"sys.cpu.percent.avg","metricValue":75.325,"step":null}},"type":"metric_msg"}
{"payload":{"local_timestamp":1697329069299,"metric":{"epoch":null,"metricName":"sys.compute.overall","metricValue":75.3,"step":null}},"type":"metric_msg"}
{"payload":{"local_timestamp":1697329069299,"metric":{"epoch":null,"metricName":"sys.compute.utilized","metricValue":20.0,"step":null}},"type":"metric_msg"}
{"payload":{"local_timestamp":1697329069299,"metric":{"epoch":null,"metricName":"sys.load.avg","metricValue":0.11,"step":null}},"type":"metric_msg"}
{"payload":{"local_timestamp":1697329069299,"metric":{"epoch":null,"metricName":"sys.ram.total","metricValue":4170256384,"step":null}},"type":"metric_msg"}
{"payload":{"local_timestamp":1697329069299,"metric":{"epoch":null,"metricName":"sys.ram.used","metricValue":3778494464,"step":null}},"type":"metric_msg"}
{"payload":{"local_timestamp":1697329113608,"metric":{"epoch":null,"metricName":"sys.network.send_bps","metricValue":560,"step":null}},"type":"metric_msg"}
{"payload":{"local_timestamp":1697329113608,"metric":{"epoch":null,"metricName":"sys.network.receive_bps","metricValue":836,"step":null}},"type":"metric_msg"}
{"payload":{"local_timestamp":1697329130468,"metric":{"epoch":null,"metricName":"sys.cpu.percent.avg","metricValue":75.15,"step":null}},"type":"metric_msg"}
{"payload":{"local_timestamp":1697329130469,"metric":{"epoch":null,"metricName":"sys.compute.overall","metricValue":75.2,"step":null}},"type":"metric_msg"}
{"payload":{"local_timestamp":1697329130469,"metric":{"epoch":null,"metricName":"sys.compute.utilized","metricValue":70.1,"step":null}},"type":"metric_msg"}
{"payload":{"local_timestamp":1697329130469,"metric":{"epoch":null,"metricName":"sys.load.avg","metricValue":0.72,"step":null}},"type":"metric_msg"}
{"payload":{"local_timestamp":1697329130469,"metric":{"epoch":null,"metricName":"sys.ram.total","metricValue":4170256384,"step":null}},"type":"metric_msg"}
{"payload":{"local_timestamp":1697329130469,"metric":{"epoch":null,"metricName":"sys.ram.used","metricValue":3745677312,"step":null}},"type":"metric_msg"}
{"payload":{"local_timestamp":1697329174446,"metric":{"epoch":null,"metricName":"sys.network.send_bps","metricValue":393,"step":null}},"type":"metric_msg"}
{"payload":{"local_timestamp":1697329174446,"metric":{"epoch":null,"metricName":"sys.network.receive_bps","metricValue":454,"step":null}},"type":"metric_msg"}
{"payload":{"additional_params":{"assetId":"a32200f6c3a0412a8f4aff41731aab57","context":"train","epoch":null,"extension":"yml","fileName":"conda-environment.yml","overwrite":false,"runId":"Xhxx0JCfixl7JNWraqXqCXGrf","step":null,"type":"conda-environment-definition"},"clean":true,"file_path":"tmp3mn7awum","local_timestamp":1697329188111,"metadata":{},"upload_type":"conda-environment-definition"},"type":"file_upload"}
{"payload":{"local_timestamp":1697329191707,"metric":{"epoch":null,"metricName":"sys.cpu.percent.avg","metricValue":78.275,"step":null}},"type":"metric_msg"}
{"payload":{"local_timestamp":1697329191707,"metric":{"epoch":null,"metricName":"sys.compute.overall","metricValue":78.3,"step":null}},"type":"metric_msg"}
{"payload":{"local_timestamp":1697329191707,"metric":{"epoch":null,"metricName":"sys.compute.utilized","metricValue":0.0,"step":null}},"type":"metric_msg"}
{"payload":{"local_timestamp":1697329191707,"metric":{"epoch":null,"metricName":"sys.load.avg","metricValue":0.77,"step":null}},"type":"metric_msg"}
{"payload":{"local_timestamp":1697329191707,"metric":{"epoch":null,"metricName":"sys.ram.total","metricValue":4170256384,"step":null}},"type":"metric_msg"}
{"payload":{"local_timestamp":1697329191707,"metric":{"epoch":null,"metricName":"sys.ram.used","metricValue":3734102016,"step":null}},"type":"metric_msg"}
{"payload":{"additional_params":{"assetId":"fc2843cc025e41d4abcebe179664c6e8","context":"train","epoch":null,"extension":"txt","fileName":"conda-spec.txt","overwrite":false,"runId":"Xhxx0JCfixl7JNWraqXqCXGrf","step":null,"type":"conda-specification"},"clean":true,"file_path":"tmpl7z0vftb","local_timestamp":1697329206054,"metadata":{},"upload_type":"conda-specification"},"type":"file_upload"}
{"payload":{"additional_params":{"assetId":"e3f0d62e63794d64b356d0d2008de1a6","context":"train","epoch":null,"extension":"yml","fileName":"conda-info.yml","overwrite":false,"runId":"Xhxx0JCfixl7JNWraqXqCXGrf","step":null,"type":"conda-info"},"clean":true,"file_path":"tmp9s60qnox","local_timestamp":1697329209554,"metadata":{},"upload_type":"conda-info"},"type":"file_upload"}
{"payload":{"key":"Created from","value":"scikit-learn"},"type":"log_other"}
{"payload":{"context":"train","local_timestamp":1697329209546,"output":"COMET INFO: ---------------------------------------------------------------------------------------\n","stderr":true},"type":"standard_output"}
{"payload":{"context":"train","local_timestamp":1697329209546,"output":"COMET INFO: Comet.ml Experiment Summary\n","stderr":true},"type":"standard_output"}
{"payload":{"context":"train","local_timestamp":1697329209547,"output":"COMET INFO: ---------------------------------------------------------------------------------------\n","stderr":true},"type":"standard_output"}
{"payload":{"context":"train","local_timestamp":1697329209547,"output":"COMET INFO:   Data:\n","stderr":true},"type":"standard_output"}
{"payload":{"context":"train","local_timestamp":1697329209548,"output":"COMET INFO:     display_summary_level : 1\n","stderr":true},"type":"standard_output"}
{"payload":{"context":"train","local_timestamp":1697329209548,"output":"COMET INFO:     url                   : https://www.comet.com/thobela/house-price-prediction/ee1cd0cba3344c578f2b143789ee76d6\n","stderr":true},"type":"standard_output"}
{"payload":{"context":"train","local_timestamp":1697329209548,"output":"COMET INFO:   Parameters:\n","stderr":true},"type":"standard_output"}
{"payload":{"context":"train","local_timestamp":1697329209548,"output":"COMET INFO:     train_alpha                                               : 0.9\n","stderr":true},"type":"standard_output"}
{"payload":{"context":"train","local_timestamp":1697329209549,"output":"COMET INFO:     train_ccp_alpha                                           : 0.0\n","stderr":true},"type":"standard_output"}
{"payload":{"context":"train","local_timestamp":1697329209549,"output":"COMET INFO:     train_columntransformer__n_jobs                           : 1\n","stderr":true},"type":"standard_output"}
{"payload":{"context":"train","local_timestamp":1697329209549,"output":"COMET INFO:     train_columntransformer__onehotencoder                    : OneHotEncoder(sparse=False)\n","stderr":true},"type":"standard_output"}
{"payload":{"context":"train","local_timestamp":1697329209549,"output":"COMET INFO:     train_columntransformer__onehotencoder__categories        : auto\n","stderr":true},"type":"standard_output"}
{"payload":{"context":"train","local_timestamp":1697329209550,"output":"COMET INFO:     train_columntransformer__onehotencoder__drop              : 1\n","stderr":true},"type":"standard_output"}
{"payload":{"context":"train","local_timestamp":1697329209550,"output":"COMET INFO:     train_columntransformer__onehotencoder__dtype             : <class 'numpy.float64'>\n","stderr":true},"type":"standard_output"}
{"payload":{"context":"train","local_timestamp":1697329209550,"output":"COMET INFO:     train_columntransformer__onehotencoder__handle_unknown    : error\n","stderr":true},"type":"standard_output"}
{"payload":{"context":"train","local_timestamp":1697329209550,"output":"COMET INFO:     train_columntransformer__onehotencoder__max_categories    : 1\n","stderr":true},"type":"standard_output"}
{"payload":{"context":"train","local_timestamp":1697329209551,"output":"COMET INFO:     train_columntransformer__onehotencoder__min_frequency     : 1\n","stderr":true},"type":"standard_output"}
{"payload":{"context":"train","local_timestamp":1697329209551,"output":"COMET INFO:     train_columntransformer__onehotencoder__sparse            : False\n","stderr":true},"type":"standard_output"}
{"payload":{"context":"train","local_timestamp":1697329209551,"output":"COMET INFO:     train_columntransformer__remainder                        : passthrough\n","stderr":true},"type":"standard_output"}
{"payload":{"context":"train","local_timestamp":1697329209553,"output":"COMET INFO:     train_columntransformer__sparse_threshold                 : 0.3\n","stderr":true},"type":"standard_output"}
{"payload":{"context":"train","local_timestamp":1697329209554,"output":"COMET INFO:     train_columntransformer__transformer_weights              : 1\n","stderr":true},"type":"standard_output"}
{"payload":{"context":"train","local_timestamp":1697329209555,"output":"COMET INFO:     train_columntransformer__transformers                     : [('onehotencoder', OneHotEncoder(sparse=False), [0])]\n","stderr":true},"type":"standard_output"}
{"payload":{"context":"train","local_timestamp":1697329209555,"output":"COMET INFO:     train_columntransformer__verbose                          : False\n","stderr":true},"type":"standard_output"}
{"payload":{"context":"train","local_timestamp":1697329209555,"output":"COMET INFO:     train_columntransformer__verbose_feature_names_out        : True\n","stderr":true},"type":"standard_output"}
{"payload":{"context":"train","local_timestamp":1697329209556,"output":"COMET INFO:     train_columntransformer_n_jobs                            : 1\n","stderr":true},"type":"standard_output"}
{"payload":{"context":"train","local_timestamp":1697329209556,"output":"COMET INFO:     train_columntransformer_onehotencoder                     : OneHotEncoder(sparse=False)\n","stderr":true},"type":"standard_output"}
{"payload":{"context":"train","local_timestamp":1697329209556,"output":"COMET INFO:     train_columntransformer_onehotencoder__categories         : auto\n","stderr":true},"type":"standard_output"}
{"payload":{"context":"train","local_timestamp":1697329209556,"output":"COMET INFO:     train_columntransformer_onehotencoder__drop               : 1\n","stderr":true},"type":"standard_output"}
{"payload":{"context":"train","local_timestamp":1697329209557,"output":"COMET INFO:     train_columntransformer_onehotencoder__dtype              : <class 'numpy.float64'>\n","stderr":true},"type":"standard_output"}
{"payload":{"context":"train","local_timestamp":1697329209557,"output":"COMET INFO:     train_columntransformer_onehotencoder__handle_unknown     : error\n","stderr":true},"type":"standard_output"}
{"payload":{"context":"train","local_timestamp":1697329209557,"output":"COMET INFO:     train_columntransformer_onehotencoder__max_categories     : 1\n","stderr":true},"type":"standard_output"}
{"payload":{"context":"train","local_timestamp":1697329209557,"output":"COMET INFO:     train_columntransformer_onehotencoder__min_frequency      : 1\n","stderr":true},"type":"standard_output"}
{"payload":{"context":"train","local_timestamp":1697329209559,"output":"COMET INFO:     train_columntransformer_onehotencoder__sparse             : False\n","stderr":true},"type":"standard_output"}
{"payload":{"context":"train","local_timestamp":1697329209559,"output":"COMET INFO:     train_columntransformer_remainder                         : passthrough\n","stderr":true},"type":"standard_output"}
{"payload":{"context":"train","local_timestamp":1697329209559,"output":"COMET INFO:     train_columntransformer_sparse_threshold                  : 0.3\n","stderr":true},"type":"standard_output"}
{"payload":{"context":"train","local_timestamp":1697329209559,"output":"COMET INFO:     train_columntransformer_transformer_weights               : 1\n","stderr":true},"type":"standard_output"}
{"payload":{"context":"train","local_timestamp":1697329209562,"output":"COMET INFO:     train_columntransformer_transformers                      : [('onehotencoder', OneHotEncoder(sparse=False), [0])]\n","stderr":true},"type":"standard_output"}
{"payload":{"context":"train","local_timestamp":1697329209562,"output":"COMET INFO:     train_columntransformer_verbose                           : False\n","stderr":true},"type":"standard_output"}
{"payload":{"context":"train","local_timestamp":1697329209562,"output":"COMET INFO:     train_columntransformer_verbose_feature_names_out         : True\n","stderr":true},"type":"standard_output"}
{"payload":{"context":"train","local_timestamp":1697329209566,"output":"COMET INFO:     train_constant                                            : 1\n","stderr":true},"type":"standard_output"}
{"payload":{"context":"train","local_timestamp":1697329209566,"output":"COMET INFO:     train_criterion                                           : friedman_mse\n","stderr":true},"type":"standard_output"}
{"payload":{"context":"train","local_timestamp":1697329209566,"output":"COMET INFO:     train_gradientboostingregressor__alpha                    : 0.9\n","stderr":true},"type":"standard_output"}
{"payload":{"context":"train","local_timestamp":1697329209567,"output":"COMET INFO:     train_gradientboostingregressor__ccp_alpha                : 0.0\n","stderr":true},"type":"standard_output"}
{"payload":{"context":"train","local_timestamp":1697329209567,"output":"COMET INFO:     train_gradientboostingregressor__criterion                : friedman_mse\n","stderr":true},"type":"standard_output"}
{"payload":{"context":"train","local_timestamp":1697329209568,"output":"COMET INFO:     train_gradientboostingregressor__init                     : 1\n","stderr":true},"type":"standard_output"}
{"payload":{"context":"train","local_timestamp":1697329209568,"output":"COMET INFO:     train_gradientboostingregressor__learning_rate            : 0.1\n","stderr":true},"type":"standard_output"}
{"payload":{"context":"train","local_timestamp":1697329209568,"output":"COMET INFO:     train_gradientboostingregressor__loss                     : squared_error\n","stderr":true},"type":"standard_output"}
{"payload":{"context":"train","local_timestamp":1697329209569,"output":"COMET INFO:     train_gradientboostingregressor__max_depth                : 3\n","stderr":true},"type":"standard_output"}
{"payload":{"context":"train","local_timestamp":1697329209570,"output":"COMET INFO:     train_gradientboostingregressor__max_features             : 1\n","stderr":true},"type":"standard_output"}
{"payload":{"context":"train","local_timestamp":1697329209570,"output":"COMET INFO:     train_gradientboostingregressor__max_leaf_nodes           : 1\n","stderr":true},"type":"standard_output"}
{"payload":{"context":"train","local_timestamp":1697329209570,"output":"COMET INFO:     train_gradientboostingregressor__min_impurity_decrease    : 0.0\n","stderr":true},"type":"standard_output"}
{"payload":{"context":"train","local_timestamp":1697329209570,"output":"COMET INFO:     train_gradientboostingregressor__min_samples_leaf         : 1\n","stderr":true},"type":"standard_output"}
{"payload":{"context":"train","local_timestamp":1697329209572,"output":"COMET INFO:     train_gradientboostingregressor__min_samples_split        : 2\n","stderr":true},"type":"standard_output"}
{"payload":{"context":"train","local_timestamp":1697329209572,"output":"COMET INFO:     train_gradientboostingregressor__min_weight_fraction_leaf : 0.0\n","stderr":true},"type":"standard_output"}
{"payload":{"context":"train","local_timestamp":1697329209572,"output":"COMET INFO:     train_gradientboostingregressor__n_estimators             : 500\n","stderr":true},"type":"standard_output"}
{"payload":{"context":"train","local_timestamp":1697329209572,"output":"COMET INFO:     train_gradientboostingregressor__n_iter_no_change         : 1\n","stderr":true},"type":"standard_output"}
{"payload":{"context":"train","local_timestamp":1697329209572,"output":"COMET INFO:     train_gradientboostingregressor__random_state             : 1\n","stderr":true},"type":"standard_output"}
{"payload":{"context":"train","local_timestamp":1697329209575,"output":"COMET INFO:     train_gradientboostingregressor__subsample                : 1.0\n","stderr":true},"type":"standard_output"}
{"payload":{"context":"train","local_timestamp":1697329209575,"output":"COMET INFO:     train_gradientboostingregressor__tol                      : 0.0001\n","stderr":true},"type":"standard_output"}
{"payload":{"context":"train","local_timestamp":1697329209575,"output":"COMET INFO:     train_gradientboostingregressor__validation_fraction      : 0.1\n","stderr":true},"type":"standard_output"}
{"payload":{"context":"train","local_timestamp":1697329209576,"output":"COMET INFO:     train_gradientboostingregressor__verbose                  : 0\n","stderr":true},"type":"standard_output"}
{"payload":{"context":"train","local_timestamp":1697329209576,"output":"COMET INFO:     train_gradientboostingregressor__warm_start               : False\n","stderr":true},"type":"standard_output"}
{"payload":{"context":"train","local_timestamp":1697329209576,"output":"COMET INFO:     train_gradientboostingregressor_alpha                     : 0.9\n","stderr":true},"type":"standard_output"}
{"payload":{"context":"train","local_timestamp":1697329209577,"output":"COMET INFO:     train_gradientboostingregressor_ccp_alpha                 : 0.0\n","stderr":true},"type":"standard_output"}
{"payload":{"context":"train","local_timestamp":1697329209577,"output":"COMET INFO:     train_gradientboostingregressor_criterion                 : friedman_mse\n","stderr":true},"type":"standard_output"}
{"payload":{"context":"train","local_timestamp":1697329209577,"output":"COMET INFO:     train_gradientboostingregressor_init                      : 1\n","stderr":true},"type":"standard_output"}
{"payload":{"context":"train","local_timestamp":1697329209579,"output":"COMET INFO:     train_gradientboostingregressor_learning_rate             : 0.1\n","stderr":true},"type":"standard_output"}
{"payload":{"context":"train","local_timestamp":1697329209579,"output":"COMET INFO:     train_gradientboostingregressor_loss                      : squared_error\n","stderr":true},"type":"standard_output"}
{"payload":{"context":"train","local_timestamp":1697329209579,"output":"COMET INFO:     train_gradientboostingregressor_max_depth                 : 3\n","stderr":true},"type":"standard_output"}
{"payload":{"context":"train","local_timestamp":1697329209580,"output":"COMET INFO:     train_gradientboostingregressor_max_features              : 1\n","stderr":true},"type":"standard_output"}
{"payload":{"context":"train","local_timestamp":1697329209580,"output":"COMET INFO:     train_gradientboostingregressor_max_leaf_nodes            : 1\n","stderr":true},"type":"standard_output"}
{"payload":{"context":"train","local_timestamp":1697329209580,"output":"COMET INFO:     train_gradientboostingregressor_min_impurity_decrease     : 0.0\n","stderr":true},"type":"standard_output"}
{"payload":{"context":"train","local_timestamp":1697329209580,"output":"COMET INFO:     train_gradientboostingregressor_min_samples_leaf          : 1\n","stderr":true},"type":"standard_output"}
{"payload":{"context":"train","local_timestamp":1697329209581,"output":"COMET INFO:     train_gradientboostingregressor_min_samples_split         : 2\n","stderr":true},"type":"standard_output"}
{"payload":{"context":"train","local_timestamp":1697329209582,"output":"COMET INFO:     train_gradientboostingregressor_min_weight_fraction_leaf  : 0.0\n","stderr":true},"type":"standard_output"}
{"payload":{"context":"train","local_timestamp":1697329209584,"output":"COMET INFO:     train_gradientboostingregressor_n_estimators              : 500\n","stderr":true},"type":"standard_output"}
{"payload":{"context":"train","local_timestamp":1697329209585,"output":"COMET INFO:     train_gradientboostingregressor_n_iter_no_change          : 1\n","stderr":true},"type":"standard_output"}
{"payload":{"context":"train","local_timestamp":1697329209586,"output":"COMET INFO:     train_gradientboostingregressor_random_state              : 1\n","stderr":true},"type":"standard_output"}
{"payload":{"context":"train","local_timestamp":1697329209587,"output":"COMET INFO:     train_gradientboostingregressor_subsample                 : 1.0\n","stderr":true},"type":"standard_output"}
{"payload":{"context":"train","local_timestamp":1697329209587,"output":"COMET INFO:     train_gradientboostingregressor_tol                       : 0.0001\n","stderr":true},"type":"standard_output"}
{"payload":{"context":"train","local_timestamp":1697329209588,"output":"COMET INFO:     train_gradientboostingregressor_validation_fraction       : 0.1\n","stderr":true},"type":"standard_output"}
{"payload":{"context":"train","local_timestamp":1697329209588,"output":"COMET INFO:     train_gradientboostingregressor_verbose                   : 0\n","stderr":true},"type":"standard_output"}
{"payload":{"context":"train","local_timestamp":1697329209588,"output":"COMET INFO:     train_gradientboostingregressor_warm_start                : False\n","stderr":true},"type":"standard_output"}
{"payload":{"context":"train","local_timestamp":1697329209589,"output":"COMET INFO:     train_init                                                : 1\n","stderr":true},"type":"standard_output"}
{"payload":{"context":"train","local_timestamp":1697329209589,"output":"COMET INFO:     train_learning_rate                                       : 0.1\n","stderr":true},"type":"standard_output"}
{"payload":{"context":"train","local_timestamp":1697329209590,"output":"COMET INFO:     train_loss                                                : squared_error\n","stderr":true},"type":"standard_output"}
{"payload":{"context":"train","local_timestamp":1697329209590,"output":"COMET INFO:     train_max_depth                                           : 3\n","stderr":true},"type":"standard_output"}
{"payload":{"context":"train","local_timestamp":1697329209590,"output":"COMET INFO:     train_max_features                                        : 1\n","stderr":true},"type":"standard_output"}
{"payload":{"context":"train","local_timestamp":1697329209591,"output":"COMET INFO:     train_max_leaf_nodes                                      : 1\n","stderr":true},"type":"standard_output"}
{"payload":{"context":"train","local_timestamp":1697329209591,"output":"COMET INFO:     train_memory                                              : 1\n","stderr":true},"type":"standard_output"}
{"payload":{"context":"train","local_timestamp":1697329209591,"output":"COMET INFO:     train_min_impurity_decrease                               : 0.0\n","stderr":true},"type":"standard_output"}
{"payload":{"context":"train","local_timestamp":1697329209592,"output":"COMET INFO:     train_min_samples_leaf                                    : 1\n","stderr":true},"type":"standard_output"}
{"payload":{"context":"train","local_timestamp":1697329209592,"output":"COMET INFO:     train_min_samples_split                                   : 2\n","stderr":true},"type":"standard_output"}
{"payload":{"context":"train","local_timestamp":1697329209592,"output":"COMET INFO:     train_min_weight_fraction_leaf                            : 0.0\n","stderr":true},"type":"standard_output"}
{"payload":{"context":"train","local_timestamp":1697329209593,"output":"COMET INFO:     train_n_estimators                                        : 500\n","stderr":true},"type":"standard_output"}
{"payload":{"context":"train","local_timestamp":1697329209593,"output":"COMET INFO:     train_n_iter_no_change                                    : 1\n","stderr":true},"type":"standard_output"}
{"payload":{"context":"train","local_timestamp":1697329209594,"output":"COMET INFO:     train_quantile                                            : 1\n","stderr":true},"type":"standard_output"}
{"payload":{"context":"train","local_timestamp":1697329209594,"output":"COMET INFO:     train_random_state                                        : 1\n","stderr":true},"type":"standard_output"}
{"payload":{"context":"train","local_timestamp":1697329209594,"output":"COMET INFO:     train_standardscaler__copy                                : True\n","stderr":true},"type":"standard_output"}
{"payload":{"context":"train","local_timestamp":1697329209595,"output":"COMET INFO:     train_standardscaler__with_mean                           : True\n","stderr":true},"type":"standard_output"}
{"payload":{"context":"train","local_timestamp":1697329209595,"output":"COMET INFO:     train_standardscaler__with_std                            : True\n","stderr":true},"type":"standard_output"}
{"payload":{"context":"train","local_timestamp":1697329209595,"output":"COMET INFO:     train_standardscaler_copy                                 : True\n","stderr":true},"type":"standard_output"}
{"payload":{"context":"train","local_timestamp":1697329209596,"output":"COMET INFO:     train_standardscaler_with_mean                            : True\n","stderr":true},"type":"standard_output"}
{"payload":{"context":"train","local_timestamp":1697329209596,"output":"COMET INFO:     train_standardscaler_with_std                             : True\n","stderr":true},"type":"standard_output"}
{"payload":{"context":"train","local_timestamp":1697329209596,"output":"COMET INFO:     train_strategy                                            : mean\n","stderr":true},"type":"standard_output"}
{"payload":{"context":"train","local_timestamp":1697329209597,"output":"COMET INFO:     train_subsample                                           : 1.0\n","stderr":true},"type":"standard_output"}
{"payload":{"context":"train","local_timestamp":1697329209597,"output":"COMET INFO:     train_tol                                                 : 0.0001\n","stderr":true},"type":"standard_output"}
{"payload":{"context":"train","local_timestamp":1697329209597,"output":"COMET INFO:     train_validation_fraction                                 : 0.1\n","stderr":true},"type":"standard_output"}
{"payload":{"context":"train","local_timestamp":1697329209598,"output":"COMET INFO:     train_verbose                                             : False\n","stderr":true},"type":"standard_output"}
{"payload":{"context":"train","local_timestamp":1697329209598,"output":"COMET INFO:     train_warm_start                                          : False\n","stderr":true},"type":"standard_output"}
{"payload":{"context":"train","local_timestamp":1697329209598,"output":"COMET INFO:   Uploads:\n","stderr":true},"type":"standard_output"}
{"payload":{"context":"train","local_timestamp":1697329209599,"output":"COMET INFO:     conda-environment-definition : 1\n","stderr":true},"type":"standard_output"}
{"payload":{"context":"train","local_timestamp":1697329209599,"output":"COMET INFO:     conda-info                   : 1\n","stderr":true},"type":"standard_output"}
{"payload":{"context":"train","local_timestamp":1697329209599,"output":"COMET INFO:     conda-specification          : 1\n","stderr":true},"type":"standard_output"}
{"payload":{"context":"train","local_timestamp":1697329209600,"output":"COMET INFO:     environment details          : 1\n","stderr":true},"type":"standard_output"}
{"payload":{"context":"train","local_timestamp":1697329209600,"output":"COMET INFO:     filename                     : 1\n","stderr":true},"type":"standard_output"}
{"payload":{"context":"train","local_timestamp":1697329209600,"output":"COMET INFO:     installed packages           : 1\n","stderr":true},"type":"standard_output"}
{"payload":{"context":"train","local_timestamp":1697329209601,"output":"COMET INFO:     source_code                  : 2 (8.55 KB)\n","stderr":true},"type":"standard_output"}
{"payload":{"context":"train","local_timestamp":1697329209601,"output":"COMET INFO: \n","stderr":true},"type":"standard_output"}
{"payload":{"context":"train","local_timestamp":1697329210505,"output":"COMET WARNING: To get all data logged automatically, import comet_ml before the following modules: sklearn.\n","stderr":true},"type":"standard_output"}
{"payload":{"key":"sys.already_imported_modules","value":"[\"sklearn\"]"},"type":"log_other"}
